X,Y
-1.0140664547477232,-1.093496710616207
-0.1516001699546324,-1.1923826172079568
-1.6310479682486723,0.05531870303062817
-0.0860763145944867,0.7692294289952689
-0.48461518859091496,0.7719903447550464
-0.47362611757486134,-0.032796724481407614
1.4033081924391302,0.15660350719333976
-0.8056298573838514,1.4867055692982285
-1.8379244924014206,-0.3986185689360853
0.174534468230996,-0.33680036290717125
0.6163631471573536,-2.2288795569434123
-1.850646942143311,-2.024195502274722
0.21759685066394494,-0.2902710608268777
-1.952188023625385,-0.20091940843882594
1.3516461628164096,-0.04523504999795616
-0.2076459062162918,-1.5391398988621887
-0.6979107071294709,-1.9656268276601894
-0.6517188536725707,0.7737185433827827
-0.03438732805961551,-0.28093406549234967
-0.11102142555391534,-0.9133426651692695
1.1456251146800436,1.0920393733623568
-0.8208038002736217,-0.07098148480955004
0.9494856462839678,-0.37437029163148366
0.7965155492048595,0.6014227163778584
-0.28715395864551096,0.49204878342937386
0.8611797206700628,-1.9904148502072299
-0.9930502432868156,0.7614026053810004
-1.209022264710469,-0.28927368456920916
-1.1738442729488037,0.46148712970429484
-0.48563073467636586,-0.3452182489641483
0.45965538351317237,0.7347182445223405
-1.4348055323757956,0.8960433147053166
-0.7191186099743427,-0.8554324850121067
0.4574400283950626,0.7893136775034172
1.45448734643745,-0.987259980026723
2.016424803570575,-1.1139280328242247
0.1548165603875198,0.8445386387962998
0.12406928048327057,1.6526260612394617
-0.130485724108823,-0.7139444337707841
1.97240193637678,0.5148985867047164
-1.1387870749279712,0.743998805264597
-0.04751900279271314,0.07155281076597142
-0.7433189340443679,-0.4836259170239809
0.5227891921563375,-0.12353481939570173
-0.19327386823014717,0.5829666292475173
1.234910500643457,-0.23360198289767914
-0.21965002598069108,-1.575139840688059
1.0757339571619082,1.664612164939591
0.9602016046351955,-0.9364209434287765
-1.688496339188389,0.5000279425211746
-0.8200986350721865,-0.28795143165485554
-1.5908838265521315,0.34005552921579
-0.022872363757062204,1.5196262818971127
1.3945533918507436,0.17067343786659986
1.115971183785377,-1.4895926510056712
-0.24882340015566584,0.1350215383621139
0.6406236819760528,-1.3922083227854365
-1.0669461726958283,-0.5619137179454965
0.4394502676782928,0.8584762272143569
-0.30232628117829496,0.6132862794577579
-0.3639091331085547,1.183974743155963
0.38815026144627457,0.17138207936093966
0.2166371948114018,-0.9670556808203797
-0.46716307915759014,0.7274774457321068
1.695221396082672,0.6723465911377629
0.14205959393368886,0.07288006831480828
-0.917172324502719,0.40853092119999473
0.8314808956785731,-0.8785147430467966
1.5417705050380899,-0.28458235067990006
0.24924243369510243,-0.6517602755575538
0.5440690877409179,-0.2346616772958053
-0.21361282829077088,0.3386075346986749
-1.4569285251673807,-0.8927990814922069
1.0517312524767384,-0.6105328885310901
0.7481345769407228,-0.6588422988518072
0.32953263053791043,-0.1522745258482134
-0.8359410793508765,1.4832782354133789
-1.8394233034485885,-1.1333416422043403
0.7686581952263979,-0.25049122079841524
0.7170505793587454,-0.20258299199539123
-0.012771266129025901,-1.1600688165932531
-0.8078672506618821,-1.2860284709648249
0.9097252418055408,0.6511087983583723
-0.6257268758862474,0.9615324127790658
0.7607601945386184,-0.1055741728483023
-0.3474300272150793,-0.9092449181399479
-0.1414962308831482,-0.5918367018617571
-1.6506275284111591,-0.02133264852714242
1.0904252298492618,-0.6837925963439373
0.9292753249088485,-2.1699875179988974
-0.2215983203164287,-1.7010694587905255
-0.7958741436608422,-0.30272016492534565
0.1624853491908934,-0.2635355154360541
0.6238810791307329,0.112767201033949
-0.20547804431676903,-0.3927219793719679
-1.6070061846757127,0.5790915004345164
0.21982587456398955,-0.5371583694222248
-1.0517236031689503,0.6277571799861994
-0.9877671675101309,-0.3012509195847375
1.0985194918465504,0.3795582245214312
-0.09366252307867488,1.47800687170207
-0.034337948144953806,0.09425133430017904
0.3197913566270806,0.37546994329314415
-1.7704609961821038,0.2610823561006713
1.6438234209756077,-1.2883688197408962
0.2789173901810911,-1.323857030009697
1.2116836644234643,0.7137035915026123
0.22832554080944098,-0.95413768464505
0.8672591573919534,-0.2213167011227484
-1.2738029474788113,-0.7335148898901909
0.7159849288788928,-0.20835436624566672
0.061486665316256565,-1.534616994321363
-0.13432366518062652,0.6178479434580265
1.244919413170725,-0.15980141906118397
0.03228668839070442,2.459009734126032
0.32822446204690753,0.016823368621967334
0.8205718991159494,0.5800790389053265
3.9038377267846154,1.978552205612728
-0.5075670628298975,0.6196091375153172
1.366251517175964,0.2528188027184053
-0.9737514772251621,-1.1154132756284383
-0.7649295670882444,-0.7505226402251478
-1.0493755338015256,-0.8668506352562004
1.1574756488148823,1.8241415304112614
-0.28601693675642165,0.0031476645009272065
-1.4484351506552908,0.5981029535246064
0.8840874054770279,1.8638792032452456
-0.2480520005268029,-0.14103260180398913
-0.7154849135444332,1.8751634612870773
-1.5033601853266407,0.7354692586174459
-0.3034236507468841,-0.003304098126605797
-0.7633918267152617,0.4359655267661897
0.36203507199937296,1.2303888721831155
0.04043777914306308,0.7034632838287116
-1.8286058501211107,-0.6258054258939222
-1.4199680008955857,-0.4745599944492726
-1.0262644263791738,-0.23146803958182188
-0.3373485536920813,-0.5503023262617927
0.7089810811775473,-0.5561907707215389
-0.07374651334867767,-0.7281361402584046
0.8590221379366528,-0.08375504424703419
0.46685612278684174,-0.40554225555823603
-0.2177868442238173,-0.8261419210094768
-2.0151072864661894,1.3349204839582627
0.010028169231977729,0.15219295114329773
-0.3070240144493074,-1.8066915243590722
-0.8142764089237993,1.6313430638842763
-0.714081771483116,0.12941163224024185
1.1396883590235096,-0.5142957527779631
1.7817447708524694,-0.9767326748777977
0.5505721994143253,-0.8411801676457751
0.6121929551774176,0.8035698820144049
1.4614480684813034,0.3480927956588515
-1.801374096330533,0.5860233676508523
0.14374760053602878,-2.126427711729878
1.037036802021049,-1.825071907379504
0.5548768852956654,0.4830127631198907
-0.29531977759106887,0.4624907224647179
-0.34051249690724456,0.43296429414087
0.38551770855536954,-0.39578601534160374
-1.3322289714551687,-0.010188335023696237
-0.8836798466430839,-0.9027969801858523
-0.8196634446818498,0.01721105098075665
-1.8837803461163545,0.4679765292144598
-1.3213642038496514,0.9781695644497859
1.8173448710358249,0.2450525645654939
0.8084915005945098,0.10225531468013839
0.7326008132103795,-0.2737476769982566
-1.6766855493662527,0.5618260046967458
0.6823537390360527,1.851082554477638
-1.2277347826055283,-0.5755366169492188
-0.10630558130145346,0.19973372744946882
0.7269098890329255,0.6838265668905392
-1.7967303420916534,1.8143905876311475
-0.06098455887238196,-1.2099858739054243
-1.2283683081802692,0.9246681191877174
-0.015084913631370832,0.5960113337193523
1.24431499850614,0.3776684559486341
-0.44325353852156973,0.5072700193448964
0.2545971722975865,-1.7748143318376
-1.7367957887339163,-1.5264112933042677
-0.11057435533477675,0.27509613300424746
-0.296936136367627,1.2115890047258973
-0.6182947507698272,-0.7925990411186169
-0.2448611448064201,0.15197112827392875
-0.631701172776336,0.034029652834156994
1.3815416288730091,1.161961886995998
2.10288325222772,0.12105210157382641
0.19209088500432311,0.8268885984240356
-0.9590988425693148,-0.6413376021434453
-0.6551343077967742,0.177038675476458
2.134886708611637,-0.5623723505531942
-0.716418525641636,0.34820634405062867
1.0333723478195025,1.8765012400191345
-0.6613941682668967,-1.9571857297460766
0.974218556386508,-0.797595498463319
0.24776593290538984,1.111036402610475
-0.35907440928375883,-0.37673767844988626
-1.1368615728668812,-0.3483416865233924
0.3542086619629026,-0.4205302648039441
-0.34253116499002134,3.1200764005710107
2.923024388527495,-0.9031180794769456
-0.2957522648908523,-0.7539490225422767
1.188528073025086,-1.2722619018954349
0.764705231734806,0.6923044547695517
0.3009099504921624,0.9045591084642496
-0.23736397665600645,-0.6633207252080296
-0.5005387772710354,-0.8786449938260988
-0.4403365827522797,1.5466301605178938
-0.3857732128997432,-1.2443408612839004
1.208890987334199,-0.5791008455826991
0.2603182140613727,-0.8262826032666409
1.1066328014603302,0.4628713142912433
-1.6762260664017186,0.36433110466057045
0.3472463657472799,-0.032442788926902597
0.29921264029381234,0.29165099093940594
-0.019519655786978292,-0.20782877593236804
-0.7716201249559808,0.028941743099303408
-1.0363392812377965,0.3800611506065191
-0.3455523538872492,0.6924340165127914
0.9812680561905418,0.591634426588042
1.6460459403494954,-0.6963973815274047
-0.5933509569512119,1.4308561690250923
0.5038921638163951,-0.1156144618739679
0.46278237882556067,-0.12510652491213206
1.242117059143001,-0.6449720100590588
-0.2591325548519762,0.5692014924759531
-0.03747660353632193,-0.15327563342733902
-0.7551510889248175,0.39359089719024504
-0.7968876505194556,1.4663630227164053
-0.6818077602630531,0.2703215061377352
0.651992853850378,-0.9603106568114884
0.8828899280758089,1.7539504032907942
1.561579441717437,0.08528368448376286
-1.3629750237363438,-1.1176496243465963
-1.550885241401388,-1.051872141901526
-0.12153104016815608,-0.19639990968552365
0.13757692367321764,0.4054449758127381
0.9534808648817161,-0.18041708278609678
-0.37551730871402483,1.04839003398894
-0.18189695715147206,0.07811187563057805
-0.9971014559456531,1.4310364285713806
-1.5915118535950221,-0.30610220649955616
-0.6605544274558505,-0.39412502230760027
0.5287283437403993,-2.4677978340733895
1.4603879695922177,1.7805856268260871
0.5517244896701496,0.515791695593958
-0.8848058274072534,0.19180429457916892
0.2699277821668166,0.9924987904974734
1.0526561735038935,0.9180048163471086
-0.0460931853486931,0.4709528319567588
0.865900713716498,2.918699658616945
0.10058601592732283,3.489248761066737
0.9571029221338581,-1.3805997692482994
-0.4975486842254969,1.6641083981159321
1.8322449958803135,0.42108961166551284
-0.35151920666088776,-0.6316320326907648
-1.3848827764018141,-0.0793633790662554
0.15517178120861555,0.8299653645191833
0.23016308237169486,-0.32101714360688205
-1.2720665920227796,-0.5020278481126127
-0.8919032223310639,0.6192307378041714
1.5806615055322921,-1.481185858904047
0.6100394869723332,0.1854953254043613
0.8650757082659583,-1.3421223688046189
0.5562383213670244,-0.02078679067582326
1.1064302518971882,-1.1179552182019463
0.8303448950138861,0.4448202892704875
-0.7697029807816812,-2.448651760055802
0.6730511500259159,-1.8994215498966085
0.44348748527202236,0.8912878170844805
-0.5773667598819858,-0.40148157398983275
-0.1651335236520458,-1.0649760395778012
-2.5688949563916177,2.345623597085289
-0.9123427641158127,-0.5551704398864915
2.226329245922447,-0.4894901273084143
0.6637739094674698,-0.5061605754916639
0.2488096722789536,0.12131496623585859
-0.3085694131032916,-0.26689250706663026
0.1848893048581755,-0.563386405871972
-0.8092449703699832,-0.9574373676278416
0.601208380474276,0.008543650167882035
-1.4901691864759419,0.6299739094615854
0.9110623515401436,0.00020973979597453332
-0.4236390666598029,-0.09182865817198346
0.24160649371137619,-1.3352404292861362
1.3790117995677504,-1.0923642704273993
-0.09488366393436913,0.6891309748313199
0.832182875385629,1.1129962541019498
-0.6687606277019514,0.01616461289156026
2.7664921838969248,-1.4561442570138463
-0.5796794826685796,0.7351246856060675
0.481121883490101,1.0296654512532724
-0.3256062700993533,-0.04956044660811417
-0.8314310965419904,-0.43210265881863363
-0.9361123630556055,-0.2944880179517923
-0.1650670245302867,-1.228365339136238
1.426637517602387,1.834568712750019
-0.6795635281130984,-0.22332294635164535
-0.07960481225668019,-0.9152396810178549
-0.5429246370467132,1.6231237112938017
-0.5790758062506369,-0.8757952853892883
-0.016489046200855905,-1.4231141136881833
0.08338319637042449,1.9750762246693505
0.1918511511214643,1.3578585204739526
-1.4538886819334746,0.4388685041526698
-0.09339406439137565,1.1603054147209442
0.38757800976925694,-0.11444014976516874
0.8459041040063279,-1.8468071698665427
-1.0172850623378074,-1.064170383538658
-0.1201520537881133,-0.11800454335150289
1.5731253794534545,0.3826780986503451
-1.2778021433499793,-0.7227006772011932
-0.5232335097101981,-1.0676652957985269
-0.6008976012729431,0.18132238917879084
-0.10736341060004155,-0.40821677086199837
0.544699668543145,0.24868428575601007
-0.3440051197083488,0.012308675197747872
0.9853753689694793,-1.7288928608617045
0.6426569154867858,-0.6312947888001164
-0.03735839886495988,0.13900195178483973
-0.3268857963691587,-0.00462527689572456
0.23926837994571873,-0.6822414331596599
-0.4273910686585891,0.0060030671236199545
0.16932511185247007,-0.4516246216983326
1.6047340591914823,-0.051149399911620645
-0.45785061140650113,0.7993314276739679
-1.3999724548564099,-0.3095061591136414
0.48014285730346323,-0.07832901961842187
3.6148712959383533,0.3062399489279469
0.28403886107234866,2.168227577782922
1.3098396197549067,-0.992689859014589
-1.1714512826188377,0.3957744581361052
-0.03718099456003332,-0.8026931094340652
0.403052017702404,-0.05346684104697771
-1.3452530857703875,-2.095098942634913
-0.7381341640309181,-0.45453432063999605
0.23151921033373532,-0.7795826875297116
-0.7336421655241069,-0.5559211685723554
-1.6813974368941653,0.3793823614012423
0.18689837557907238,-1.121147694404469
-1.1480876966668485,0.18296036973314428
0.8440732227758719,2.112501805303671
0.2692988768018081,-0.6894959394605626
-0.3297619131640889,0.26428897869226964
-0.40538149772290955,0.14897658747990375
0.15248981198831377,-1.6280964597570236
-0.03670310873040046,-0.4389150893108751
-0.14696897762692804,0.820847452700477
-0.8746853311812121,0.21256069406742703
-1.2499191170082373,0.8703040571188078
-0.9681243669232868,0.853590899170473
-0.19208207943951291,0.12430417078683142
-1.0989095324597156,-0.6438588126120339
1.8438036710461363,0.6634791647786098
-0.5767220390727404,0.8792046009709225
-0.09602502619261599,-0.7639566650102125
-0.9728238991675665,-2.0762042608087126
0.24564935769092422,0.3268103234926108
1.8122126462989192,0.536121114134747
-1.4937902011634019,1.5267206236943223
-0.4785938248730807,-0.8430870867653469
-1.1673784659129458,-0.3542249180891086
1.40425939662074,-1.3971977770926582
-0.7670983530255326,-1.651617163850601
0.057720916037526354,1.5478969305067054
-1.134689800488458,-0.2673078948337944
-0.3842215652473989,-0.3792095557942382
0.6283275087629879,0.027368110421667688
0.29385002394226556,0.39856665760135024
0.7862018642663113,-0.3361931392995617
-1.0743519930431458,2.6379511547591106
0.29169548956334257,-0.511984440439432
-0.5956316118972411,0.34747360152183066
-1.3691528858737796,-0.4485139475890322
0.3437642801093164,0.7992652459116462
0.40778902201851697,0.8894521930920636
-0.14088483284521378,0.47585868444671664
-1.7162362222555863,0.9313692695113187
-1.2655973289418854,-0.8260679623817136
0.007011533853137216,-0.11637631579720309
1.008566678639536,1.0477950424881932
-0.503750144293315,-0.4946886537210568
1.060071672080008,0.9481042298537451
0.3803079002122935,1.8961533350521114
-0.8600688861428908,0.6553804255768267
0.6019314107169096,1.9058304540585056
-0.16317228146516088,-1.1516734676131057
-1.9880249176285698,-0.5923401621888322
0.18604249268584203,0.6760982015198779
1.182959462831867,0.9391932454328895
0.04184285161474775,-0.7929549290865434
3.8204798248728564,-1.8044850142295654
0.5263400797425712,-1.053493258994666
-0.05613805140850566,-0.12891471658616696
0.15894832555736593,-0.8273179630279403
1.9582930561587122,0.20804912574312365
0.26298345408091023,-0.09032174181373251
0.13049484598622912,0.39496913363831376
0.44714132020298814,-0.45481299543866854
1.5476223795205666,-1.6974803075619826
-0.5125831986017864,-0.5866273148032762
-0.1089914510987255,-0.6150629342659629
-0.26122278039977614,0.7949756144448649
-1.8492323573686469,-0.7876894158074694
-1.4904080384074074,0.6530862123727887
0.24612350199688157,0.14115578775635723
0.7527985844787588,-0.694633960173858
-1.4186351666592574,-0.5119706927646134
0.8770586428988059,-0.419474381990009
0.4276097453366023,0.19997992319672558
-0.47383056829732384,0.02376744368408291
2.9496144591622944,1.5075929256039742
-0.02891798875173159,-1.1165644024570018
2.78419149708468,1.2678234070113807
2.004005752049063,-0.29878008528112215
0.8672740184799821,0.9067729178564734
-0.9997862200010544,-2.1836268738697924
-0.4824861400426095,2.521618020469679
0.8155070542362619,-0.6888708200678696
1.6161621777600736,0.2067594276997565
-0.282515084662746,-0.07141080458594111
-0.25925436081475894,0.5203025139308923
0.33283772341846285,0.8676674816042431
0.7964933843879898,0.6406908576914935
-1.1852377628662711,-0.7625289737684621
-0.9721100847371189,-1.1819245834708827
0.39845650466364574,0.30244400984441283
1.8952202819180874,-0.09285422821923989
1.3106933414929458,1.112827879233491
1.207022267041847,-0.1787595336214502
1.4107557587869122,-0.7432283839304744
-0.21368388381389936,-1.541358828440342
0.8721810284172088,-1.1739669348143675
0.6562533202760673,-1.713100427818448
0.21290647983012487,-1.0468447385578605
-0.6731401809648724,-1.009766732686854
-0.6892356693172589,0.2762093437446973
0.09779785763064168,-0.9241781689274949
-0.8463180454892437,-0.41483069484388224
0.5443013137921898,-1.0143802773203394
1.4412218453138053,-1.328326185980865
0.27761594366168646,0.2325913089835296
1.0233641937554423,0.31044259553653925
-0.7764194510027651,-0.18076572205064934
-0.3184991684748213,-1.2935300403228849
-0.7074094912980414,0.18843744342266952
0.7260409214824732,0.20877175305989185
-0.7687749951574205,1.021708318821606
1.1433345305098987,0.5978887260503027
2.5244678506445735,-1.1502083345584324
-1.9711487512793175,2.4297834015417337
-0.9836528268835624,-0.731856814121343
0.16683978257347898,0.5537736754524011
0.45988364006051835,0.07545362597097327
-0.24638325167871417,-0.2251977296567722
-0.512458830747399,-0.6996352227815058
1.0752280410220343,-1.0095981017805693
1.215679029574759,1.4101874284604117
0.39664937067656447,0.7733901443568799
-0.8789947114898718,2.383996236313081
-2.2370491012241356,0.3892387543464491
-0.44926359640333025,-1.4058535358848177
0.9487796429948818,0.40041491997933176
-0.3706674208099591,-0.1859690152289764
-1.9874573706289065,-0.629015256500116
-1.0280573624579235,-0.7854021078203959
-0.7719400064361465,-0.9618859060536513
-0.14187681545328612,-0.34248519200119676
0.9830738860677015,0.8407749647424808
0.7897763337543571,-0.9771841089709397
0.5184744028504648,0.2795007626107808
-0.20265484147711862,-0.37735900397176253
-0.4172884963844055,1.1309322647446483
0.6370316592180274,1.4419267787226653
0.8867594165436934,-0.5610353151780785
1.151531084407327,-1.6998553806328809
-0.11580650395379774,0.8284715330589493
-0.5601643641805079,1.577454910442267
-2.1337841782102256,3.01518911111658
-0.6263267995308891,1.087691074419969
-0.646395785510099,-0.7903277857217356
1.434972507605582,0.864160428137086
-0.8593931604489832,-2.1082715261176808
-0.3163193927239709,0.17709783581452346
-1.0641406266917401,-0.3352305466539815
-2.1918589470532712,0.8480103928669652
0.08811810063466162,0.8604418336021171
-1.347692916293933,0.9761765339603374
0.6063437364072913,-0.12500464037340944
-1.975225289273633,-0.47129468345596387
-2.211745456010572,-0.6176343887928288
-0.8480051359697778,0.8031252125965885
-0.23858147947556077,-1.756011401377846
0.39917127854449785,0.1818017326376998
-0.789626945746927,-0.025964703615674344
-0.8314007662583993,-1.0767935608920882
-1.1305702575695358,0.2111890615271643
0.5042851812326432,0.05769587333640755
1.004128721600946,1.504440621698049
-0.9139374305419873,2.0946115746557394
1.2175200435096847,-0.8354967505991635
0.26603151675054604,-1.4708300317515586
0.13595783120238938,-2.233934913146328
0.040710358705272905,-0.4892561236566089
-1.92563796604896,0.4044470783393337
-0.11898895972167764,-0.9062145804904337
-0.08594792327741715,-0.8012480436401919
0.10248083609887151,0.7711506036059054
-0.7288701580469646,0.4207516489504467
1.4816259729987824,0.8547504845218772
1.1946899488080112,-0.6938516069673872
-0.48222419944203554,-1.7922160558858993
1.234851153108514,-1.5022089048919403
-0.5783313753236291,-1.0234295227799306
-0.41894121493222664,-2.35998830230896
0.08142774820046679,0.8947517802251944
-0.3754707271277081,-0.4029356893921928
-0.07279291647036817,-1.154960994177968
0.2456488945985501,-1.6320675902015178
0.5230567820177476,0.5577143174477363
1.598111288511707,2.054458122299243
-0.6454496662900341,-0.6824460949824299
-2.0483567019657922,-0.5011637653958663
0.2806536265811308,-0.45799992833707126
2.998674284736923,1.2086563135449333
-1.798425705901107,-0.365288275926889
-1.6435005328135852,-0.6785140507063495
0.029860885182320936,-1.293091400600717
-0.5196428691521955,2.29666997512875
1.2648142306960508,0.3692366563475085
-1.347648492837349,-0.2596333649873615
-0.048370847037238505,0.8922421983095774
-2.0000879620263725,0.28966769925846425
-0.3633287442842865,0.24760720950050635
-1.1161279651208398,0.062433728926362744
0.5258222243889475,0.8062520210275628
-0.08363214576569394,-0.7281780190554944
-0.4711093170135218,0.9774719368162441
-0.3395382320049378,0.9954384809801791
0.021493610999188145,0.5436021597667418
-0.9206065092323041,-1.588319487471412
-0.3819440454252319,-0.07596778579686632
1.5376750379235007,-0.6441630437143696
0.40484474274857596,-0.004234068336246197
-0.6573327898372553,-2.1291772854766116
1.2697531510311775,-0.37012938404789747
-0.5349609181707805,-0.4466271325823317
0.05404539258828045,-0.1192320317941719
-0.36215039575526287,-1.467390956669268
-1.0380154483848516,-0.6356201761280056
-0.2893634689048774,1.8204849400282175
-0.3547235346572884,0.9095140023804009
0.91450485359462,-0.07536805688543398
0.29597245832010655,-1.7204845219740375
-0.7767673195028906,-2.4178951344443176
-0.36210645896834126,0.45903839577168376
-1.9523516875960578,0.09754999121280504
1.9945769700012812,-0.6316892925868527
-1.5383764210883746,-0.5690261773449143
0.24157295677041496,-0.5381166760565192
-0.6336398596151293,-1.3114883161751727
0.9311246940671174,-0.29042543058471154
-0.4885935488333836,0.279552596377025
-1.6249184173136708,-1.6414034339254069
-0.6290359993230376,-1.685785567531098
0.09215733228934628,3.4480630598098547
0.4070886190010021,2.047189381539693
0.13015516599987925,1.2944857885545704
0.24516785210559996,2.102143778065072
-0.2753445472155126,-0.3269409627131241
-0.6150270424362206,0.032186258893241726
1.4429126430577808,0.38577635415998873
-0.5237511026347306,-0.7915794784624531
0.4873685451221027,0.12950219067158805
-0.05484056007723675,-0.747253738571549
-0.010394725743908182,0.14435118434107602
0.19633024879788913,0.08562465203464914
-0.9117303647466285,-0.26005918093650626
-0.6053075916368988,0.026305534345524635
0.6144483438804474,0.11049939312516073
1.1388395136120542,-1.2322617520220671
0.9098316149140933,-0.08508565148678442
-0.4690717784159966,1.0424100122587887
0.11391850512992112,0.1071565998201952
-0.7669429108295754,0.3037170823584254
-0.7622471213216763,-0.21985420787291005
0.33848858476093086,-1.2101124188494294
-0.20097532496727005,0.918520044716971
-0.8894961671494459,-1.2892557980991304
-0.2278119840060014,-0.21183139487790822
0.65166628476197,0.07803387354657022
-0.4689789678876263,-0.31719431328102876
-0.24880277626639488,-1.7158386844131344
-1.2344714899841511,0.2537176336523529
-1.0748228285885464,0.5055797802484923
0.46145616178447785,0.5993231241169913
-0.7088318064760462,-1.03005015130201
1.407860692834108,-1.0983093425825268
1.2781320575475734,-1.5463584810101108
-0.1742662718066903,-0.6180568156591361
0.9111115635441387,0.04169554833727153
1.0000947059891026,-1.8553290513517304
0.8206613432923718,0.4102568080909228
-0.33043127744308765,0.07174673689957008
1.4837459911315012,1.8278643326119675
-2.214930175154001,-0.2737926828650202
-0.4730271778103752,0.9281339107462305
-0.05179668705668983,-0.5698507135979957
1.110440143281874,-0.7387644244424195
-0.16715022708898689,0.7062602114614671
0.6240483592327409,-0.8255703449873588
1.7309942057884564,0.9273186435638174
1.56923594225129,-0.5875019266129489
1.4917047874470275,-0.07448279498870963
-0.34242876050057675,0.336883018506433
0.7157044806743956,0.9077073582560221
-1.328795374958328,0.001440653502623613
0.12822547728345376,0.9762825119974465
-0.3069547020340726,0.7848691499300567
0.900506208423446,-1.4095906869560857
-1.2517379542344313,-1.6312559397833353
1.0290880359975294,0.02713151315504252
0.85463244846826,-1.1914300373503233
0.9113787399783035,-0.41135341076733467
1.0600389217010766,0.07426226821158069
-0.1080069944830292,1.6562982534671435
1.8099756065617367,-0.12009355780338853
1.717621449612328,-1.2397645216148752
0.05883647817141048,-0.09434808095440056
0.22237402451474683,-0.4223792825357455
-1.5649936851999755,-2.1131605202318138
1.774761209608651,-1.0356664067186805
-0.07390498087583333,1.2978750703853645
0.03836274543112313,-0.29421305353688304
0.9252423913377543,-0.23632985248511287
0.09898993743477842,-1.530511433985272
-0.8905095560163938,-0.9647666875679224
-1.7184686411766539,0.09278029898386181
-0.700651632198533,1.6543299821667652
1.1715118361150556,0.13578956637541606
0.10057520716964749,0.09472176448765708
-0.3919791373694849,0.4169578918649112
0.05780984465471817,0.5415367497725571
0.9755167157153308,-1.2994191684855863
-0.00975059087093694,1.9945524373377879
0.21984890177837393,0.06572418153163333
1.3045127080900927,-0.9990733126717557
-0.5384085377070189,0.2120098159037428
-1.3082020432855646,-1.6875394634386787
1.1846552181972725,-0.5221491074703309
-1.5715943213939132,0.014813347595612696
-1.2036548117462522,-0.48660807484002166
-0.8822662009050575,0.176462111489823
0.6541946199911954,-2.0061976361462137
0.2811990519910391,-0.9922764995161709
-1.5663282581119868,-0.5377321268568019
1.90685365127003,1.3878206968331015
0.4347620186965279,0.8355245809856404
-1.3168716994501848,-0.6775169006047443
0.9138756904006233,-0.020651406483530206
-2.3261187440545408,0.8951249183255277
0.9215212253298594,-0.24938285436530827
0.7592023315945333,-0.5294129067077813
-1.1124386186436444,-0.05677245983190859
1.1237375540631227,-1.002482268744859
0.27453226694833377,-0.25612604544116657
0.39501680926304955,-0.11646457815214335
-0.9586918920730947,-0.78015684925153
1.1819888150161115,0.48663530455889614
-0.6627558482087716,0.698020643189735
-0.774098081203352,0.28490909768597533
0.21150756066471177,-0.05304161810675715
0.0059683844504166954,0.9217216548113659
0.17766662246710824,-0.4764401516141131
1.7335612996850194,-0.4904327458156905
0.4882813786804961,0.8873270221489766
0.06909773629633906,1.1602218584151183
0.33066409161326515,0.5213834639027831
0.5154164034009154,-0.13286486639502917
0.4039102985339891,-0.04583413040527427
-1.3240404129649148,-0.14865591622730062
0.35963122777008294,1.411571063048412
0.7535454996376498,-1.5674541192711278
-1.1574372080326685,-0.33526049757428694
0.021781520356368357,1.5311196654649186
0.2037162846314522,0.12486633708463972
1.9192828376175193,1.150967634244604
1.0596663282210024,-1.0460192362489218
0.6051802268995515,-0.7054437595577543
0.09807399903369182,-0.3180906437037222
-0.6085649103901487,1.1749235678854104
-0.28169544504558713,-0.6755242164701791
-0.718647735776941,-2.3698203949459025
-0.3922371202897833,0.7454905219018102
-0.9484515253398477,1.016446247771901
0.9525596292401178,0.22993795861483846
0.18179870362687597,-0.08353433561413379
1.0790403502244152,0.8636964066511716
-1.298663852042506,0.8268614839029866
-0.49776186363746183,-0.5622496695590959
0.8622859030909299,-0.3930075505416708
1.3441827476323385,0.2322735475461453
-0.5888267625878427,-0.21461539356682396
0.789436485235504,-0.3590188719465457
-1.3240281441377448,0.2773010281678189
0.11786076676313645,-0.040781395015164826
-0.056567349728669745,-0.2757821623481806
0.22940821896878633,-1.7836437107310652
-0.5159882009318166,2.030048460910741
0.25986040684530876,0.2526309103361793
-0.41857707711414344,2.004094917915021
0.6725781949409457,0.31941136093449274
0.670581505183576,-0.2831741328335396
1.7338502041380812,0.0746997176399659
1.446675816553878,0.030140279139650478
-1.9428775736447574,-0.9984659096657242
0.17304209301474727,1.3524040306949001
-0.4270639085471531,1.18774379845956
-1.8402521128220557,-0.9867201394005355
-0.3183123892460627,1.9950126343585997
-0.13789440349450688,-1.6679074127412497
-1.0358839364147128,-0.16570989876767342
0.20216833113680113,1.4063920879306788
-0.20205291083049215,-1.6985537843954146
-0.4701988954513067,-0.08995921917379597
-0.3927718320144039,-0.40636571996205495
-0.15556790833506265,-0.793003058849292
-0.9764859927047604,-1.4412532198466363
1.6041726087641062,0.08029142257880968
-1.32024442530895,0.38731928187762193
1.0128881647495778,-0.5009994235146877
2.2365435444618313,-0.5385129176877085
0.11139766276631478,-1.3162637294987831
0.10290224097948944,-0.8349272520315537
-1.6555404274867604,-0.7146544862063728
-0.9285932905718196,0.636400861689096
-2.1337784781506675,-1.0145630086413606
0.08070368736598209,0.2483254865677996
1.7958147019447488,-0.8083937343127803
0.42274697024238844,0.5195306829078385
0.18673043558498348,0.22821547837140105
-0.840557075277268,0.08751345275326856
-0.27111818301475993,1.4360251996972753
-0.84571973790748,0.31028703448540385
-1.8955709835619927,-0.6727205287445911
0.5732492431789604,0.08404727609696266
0.10324661357566857,-0.28656288563711374
0.9819601226771837,-1.5563521734808732
-0.5600587617822425,0.9490263201924174
1.5251553988073472,-0.35605388743076155
-1.4119402508751786,-0.4439957318583016
0.8239668605502922,-0.5461056385988042
0.3907126321416648,0.6954789724303685
1.3095741232035003,0.5725351939561235
0.14687441964086229,0.37490150857845445
-0.28033571654552936,-0.7761400040417744
-2.3394612441514764,-1.752039754548406
1.2729050744439734,0.07172353289158725
0.0549131430011358,0.6490186166324463
0.13628257285566603,0.10938222907569113
2.084898217690053,1.5755531066654367
-1.0925382354027173,0.025153270102325764
0.9514688862438097,1.920296480528848
-0.7285153369794098,0.06034485296006138
-0.16115016717122746,-1.2450974206185104
0.21756904926964246,-0.5859929052060162
-0.9182973593740273,-0.2921338663572491
0.33214655339406457,-0.1895865830280316
0.4925082594780747,0.32624218114426684
-0.41258089333533177,0.16281857653681264
0.17852046377796973,1.2953779880780238
-0.0022385865925384305,0.022832794540393615
1.0861859684806936,0.03402371053586263
0.1964173434082871,1.839735616502199
-0.18265029836460145,-0.28842717772756205
0.6854131483406296,0.02516396852775891
-1.0203290279048531,0.5677948722249706
0.19018790346041753,-0.7773993876748898
2.184733223590339,0.12425174678643416
-1.1324275174350167,2.283781993260869
1.3162004538417644,0.45732602714149545
-1.2110381858088555,1.4104849107504547
1.972730787621434,-0.2571666332388145
0.7965160679397983,1.0023852222711875
1.1868265507647588,-0.9259871354776162
-1.6615724181183433,-0.539091980074734
-0.03744483453917549,-0.33345820708843404
-0.3513701317737388,-1.0531865621976597
1.8087488414723376,0.362600562234807
0.2436157502875515,0.46461186021520273
1.1052081711413164,-0.9147540439851082
-0.3553437595607189,0.7324732159189312
-0.21855581357837964,-0.3958047319425129
2.091990969451057,-0.021209576957712934
1.0842700463286898,-0.2775121564147016
0.6361370868565018,1.365406469597712
0.14728010645325618,-1.0708320752514175
0.9194419108571066,0.1518763964467082
0.4825110169253962,-0.1589936930971303
-0.9021746610557316,-0.25238034839099405
-0.8018972738719035,1.005388535505177
-0.8429006000939722,1.1373925577472233
0.34529325654428655,-1.8762223929080815
0.06991323557964124,0.5806242791436239
-0.9936581006610742,-0.005417858073704259
-0.30421685469762044,-1.0735955325625113
-2.37188895880963,-0.9286345724494764
-0.7122157866829543,1.0553994301660654
0.08919379159033027,0.012141817366592074
-0.1903413355717743,-0.5756810443516073
0.7489090544007362,-0.2916495308994472
1.549389660180098,-0.8076842354018259
-1.6440759338852422,-0.514664766885054
-1.1607447612502177,-1.1061341227195205
0.15380024164124662,1.132853882415024
-0.925028813237866,1.459897985312635
0.40906283766387547,-0.19499960406896102
-0.555722060642832,-0.9827193644698637
-0.7735825001564058,2.1143561224953307
0.369452628622252,-0.08812179506669711
0.4769811631603392,0.8956818983358678
0.42740534154350673,0.38149755108315914
-1.1377873664717657,2.2719922385787363
-2.30154705296651,-0.34563856315930946
1.0847842902181433,-2.14364794851475
0.6117525763921373,-0.5509311563834078
-0.22729397796818326,-1.6245203225170979
-0.1377487519563265,1.680440305614774
-1.1719243831497486,1.4055593659978227
1.5900618439336107,1.824750295470808
0.822565770632476,0.6729899385978408
1.7974365415511413,-2.272017853306613
-1.7132169634840937,-0.6263769581900135
1.7656689967930967,-0.3211444651096945
-0.3477013180670397,-0.22578881680614762
0.7023787992257517,-0.278381555315734
-1.6207521216213083,-0.6580252025893203
0.11093577815283769,0.3629071353970228
1.4164616584911232,0.5042326250841169
0.0496081223174052,-1.6341983471291834
-0.6806117033490261,1.4229241705366273
1.3533715237026183,-1.9116288907137224
-1.2357177910847872,-0.7194012728897339
1.2729567950454503,0.9038059782475426
-0.7992370424232559,-1.1113753703692588
-0.20136117159052158,0.44270567464767274
-0.4102274180239803,0.3159392144842384
-0.8095138537866143,1.564067802738419
-0.7129459648417916,-0.23669498810759218
-0.04396681442792295,-0.12700027159301416
0.06367576489343064,0.10283950763465285
-0.7265954942773932,-0.761307109365098
0.2595572231426584,0.21336363752955775
-0.24321110147067082,1.9755873787663758
-0.415120149542733,0.7561515868602048
-0.6864126930948401,-0.0037382690462211803
1.0733496332414478,1.7226453522171263
0.40698820467424657,-0.9397665267214793
1.1315623895775477,-0.35044361436914206
1.8083306470776364,1.1934248207950338
-0.8406087169575219,0.19969922264080978
-1.1776062971699033,-2.2528290777173345
-1.5210673602294924,0.09201605742154519
0.3862141397595582,-0.18029344836346517
0.08478321989589209,-0.07410461220601273
-0.6783194911848269,-2.276227711744417
0.06994766959470998,0.17424290768263365
-0.6983069469345223,1.5583449838619277
-0.03779034170956191,0.48647279598204196
0.4594946504767447,-0.90905852300829
0.08523517727056594,-0.5512248895207641
-0.6132215085634701,-1.2947277894086053
-1.228456158858974,-2.0941972675455633
0.7123805606523244,-0.5610529045332898
-0.4781311872548911,1.9428166364574515
0.5005551347128703,1.252971033917319
1.0343268384191389,-0.32677639350928667
0.48681421026422245,0.5748853622627884
-1.408677229762404,0.5190077936404036
0.5727463966155821,-0.7333748435879625
-0.916271581725789,0.04335736663814181
0.9375739467698406,-0.44052359248645284
-0.4985318790069681,0.30318041529242823
1.1873109528352952,0.7146509917113959
0.9933776011134153,-0.3924575092406295
0.747850094827107,-0.5762688288662848
-0.38802978865565435,0.7886765319955443
0.19332516287765028,0.2008982338619706
-1.780692291976718,-0.8731932265237251
0.546678227804119,-0.3884390596854647
0.5637641051344671,0.8765646126407812
-0.5641920373135465,0.13720538788798195
0.7550373152727412,-0.9913994094973876
0.30166649604194806,0.8593298424925588
-0.9373992241741776,-1.3186608387370387
-0.4116587776577407,0.3197492023312752
0.06700734952139804,-0.5111631385248832
-1.5086052971061437,-0.6445455454833726
0.594467880879302,1.73411595797658
-0.8353341959750634,0.04640745578664514
-0.9103624018911561,-0.09550261188427482
-0.4035728012798159,-0.31120922292122577
-0.05323781754658239,1.169223208238194
-0.6463453837894856,-0.7610837459518037
-1.0633617553314612,0.09682350757751694
0.05767736118412787,-1.0429532271084259
0.7062355498777363,-1.3413232127814356
-1.2844901617112343,0.3676984657777131
1.3558251075027732,-0.41645408135591055
-1.7832255298527793,0.9727203060314275
1.1120985190659205,0.8993930245780634
0.4338409654309117,1.8322981149429416
-0.7344862916884942,-1.185645707065073
0.14579136724165787,0.2332146818511281
0.704610427407634,1.7057183601263803
0.21217691707511863,1.4293170944851656
-0.6654422740102501,0.3586067443804455
-2.3380854617689457,1.0667843314704102
-0.04495758495889808,-0.1435705872538992
-1.2171646825715372,-0.9928436899435412
0.094216452984611,-0.7525491658972668
1.6632647038995523,0.7862634346501023
1.8149628202069188,-0.4497160488705123
0.7586619814276643,1.678911549882629
-0.3616724979153845,-0.30820024281053193
0.6989430782192049,1.6686255536680226
0.1961480086904276,-0.42923135437900084
1.6156186740054206,0.1774151165312028
0.012710989321356331,1.5494227520311417
-0.4425241426103846,-1.814911991537396
-1.5746604476201662,0.43383580926486576
1.551270742909226,0.13967685023704934
-1.7453563059332622,1.0212748048161628
0.11128590462940219,-0.9219993334789441
0.11459794877529385,0.7988307416365495
-1.3283345189868863,-0.07578897601541477
2.1154191029057574,1.408058333489291
0.5643352293254325,-1.1345354899253428
-2.09183234688171,-0.5636706340195262
-0.5636687695175232,1.5181483828770495
0.30368193602313553,0.13223033540694884
0.3774660363794472,-0.672061132173528
0.44768769102106815,1.9590808009775846
-4.0093654738228715,-1.7020591211779768
-0.014386824406655337,0.7140532204837071
0.3856529302635752,-1.0564313512563626
1.3460604402028118,-0.22837156181707657
-0.16310011323972878,-0.8570105134902588
-0.7740963154551485,-1.5773488633133015
-0.2313214363520434,0.26953226425751864
-0.9856461765687252,1.0376437452712368
-0.5087862120962803,-1.987156135950476
-0.492470904338659,-0.5262985338962582
-1.5183658826214534,0.4310528238122741
1.4175899285101439,-0.16964165253978952
-1.2945544613612692,-0.2325535706862419
0.6131669722384216,-2.206110808682191
-0.10294000388683693,0.6746246574578101
-1.5028600377051347,-1.6125939739871782
-0.024190778619707573,0.32436928856292185
1.5883020073073533,1.0996910842571148
-1.1296090531542646,0.605699464896814
1.0064421094576725,-1.2666502159210322
0.3176636082826159,-0.21161017357794773
-0.9998221501681559,0.4214149784015227
1.0641995592791176,-0.636744413977604
-0.9903900662880968,0.0328576950450668
-0.553712974809442,1.2879814123245874
0.728772006567284,0.218632650960481
-1.4002904810850678,-0.592785274027037
-1.1015175174411485,0.06614302345638111
0.0099813944419715,1.7896853828774533
-0.4245644706321677,-0.9786110843711681
0.4209035888452744,-0.8710247997803051
0.5381036495978749,1.0645988589406192
-0.45005956013286524,0.556562605990094
0.7111313009919532,-0.38031961614745224
-0.5447953223410786,0.1287401060728556
-1.2089757365166023,1.087679106267261
1.4606373129771197,1.1166786560835187
-1.5064590808805134,0.351894519269772
0.7486665651124141,0.8601445542622105
0.6378695414496941,1.5885185604634307
0.3678773679315413,0.602342029922467
0.150052825484876,-0.87804011346643
-0.7222881791602411,-0.37136422778749134
0.13096109576761797,0.37595312510262663
-1.4890961294743916,0.6995652496613165
-1.2215732543585478,1.119628091622493
0.35478443341232874,-1.5262626394786534
-3.0156350789945203,-0.07038323204534166
1.2641739205065754,0.3704059806033326
0.21401805894324671,-0.9143576420745384
-0.6384236910057636,-1.5394791882468548
-0.7247397383167669,-1.4967857156410314
1.2365350655921838,-1.5769948396123672
-1.1420316226307798,-0.013813935471968396
-0.6222847788233371,-0.7204187222443229
-0.7669955009091394,-2.003886681918425
